epoch,train_loss,val_loss,val_host_accuracy,val_host_macro_f1,val_subtype_accuracy,val_subtype_macro_f1,val_clade_accuracy,val_clade_macro_f1,mean_val_macro_f1,seconds
1,1.9942397150675455,1.246162990252177,0.9798,0.870806333326011,0.9817333333333333,0.6135156674521965,0.8703333333333333,0.8305841823008575,0.7716353943596883,11.377807999990182
2,1.2077754131317138,1.0914586797078452,0.9836666666666667,0.8936116209219273,0.9907333333333334,0.812507463727791,0.9185333333333333,0.9044654688439707,0.870194851164563,11.012514458008809
3,1.1008252372105916,1.0459763715108237,0.9846666666666667,0.9037621200594845,0.9931333333333333,0.865820698669177,0.9270666666666667,0.9193070401996951,0.8962966196427855,10.925941249995958
4,1.052496502304077,1.0039440361022949,0.9848666666666667,0.9048985633789314,0.9936666666666667,0.8697604920800622,0.9402666666666667,0.9343373477945929,0.9029988010845288,10.96727666699735
5,1.0210556781768798,0.9877731822331747,0.9862666666666666,0.9164914694920641,0.9944666666666667,0.9124591423922446,0.9454,0.939874673920112,0.9229417619348069,11.221485791989835
6,1.0014954414367676,0.9755923388799032,0.9870666666666666,0.9216956468262726,0.9950666666666667,0.9290867368136582,0.9486666666666667,0.9433924969831077,0.9313916268743462,10.961861207993934
7,0.9853021623293559,0.9682033452033997,0.9872,0.9225279918058028,0.9943333333333333,0.9182138131728557,0.9492666666666667,0.943325662057267,0.9280224890119751,11.096723292008392
8,0.9719139949798584,0.9538559250195822,0.986,0.9146050675489653,0.9948666666666667,0.9252036566626098,0.9572666666666667,0.951824523277612,0.9305444158297291,11.129028292009025
9,0.9671770570437114,0.9547621202786764,0.9875333333333334,0.9273337686360293,0.9968,0.9609745644756422,0.9507333333333333,0.9445456005227137,0.944284644544795,11.078102875006152
10,0.956385654258728,0.9362447624206542,0.9888,0.9353316416718594,0.9971333333333333,0.9645946381951831,0.9584666666666667,0.9539982140409582,0.9513081646360003,11.042860708999797
11,0.9455633572896321,0.9243601103782654,0.9880666666666666,0.9342930125620328,0.997,0.9633495039019453,0.9633333333333334,0.9584839610225343,0.9520421591621707,10.85132450000674
12,0.9414683903694153,0.93518051293691,0.9879333333333333,0.9257678922531123,0.9971333333333333,0.9626649840158228,0.9580666666666666,0.9530874590467341,0.947173445105223,10.767680416000076
13,0.9358552850087484,0.9203252422968546,0.9884,0.9330209156537836,0.9979333333333333,0.9765572557686748,0.966,0.9606106805154513,0.9567296173126366,10.862950333001208
14,0.9316108509381612,0.9135921681086222,0.9880666666666666,0.9287981957721084,0.9972666666666666,0.9672906624044377,0.9654666666666667,0.9601638312895748,0.9520842298220403,10.633319957996719
15,0.9255816349029541,0.9281986580848693,0.9886666666666667,0.9337987313198369,0.9975333333333334,0.9699169239854084,0.9605333333333334,0.9552799007279719,0.952998518677739,10.942884917007177
16,0.9202710165977478,0.9141249238967896,0.9884,0.9313233764753946,0.9977333333333334,0.9734943461054179,0.9644666666666667,0.9585822533680691,0.9544666586496272,10.676628000001074
17,0.91696641553243,0.9139193631490071,0.9882666666666666,0.931868829073648,0.9976666666666667,0.9750620145964379,0.9653333333333334,0.9621002209759342,0.9563436882153399,10.822018499995465
18,0.9147632279078166,0.9096031125386556,0.9886666666666667,0.9366460299500241,0.9975333333333334,0.9724197804065695,0.9666666666666667,0.9624836961932052,0.9571831688499329,10.657032208007877
19,0.9138786784807841,0.9229413941383362,0.989,0.9375380622053664,0.9981333333333333,0.9794642518778942,0.9620666666666666,0.9593109923575734,0.9587711021469447,10.861920749986893
20,0.9092356118837992,0.907883179028829,0.9890666666666666,0.9367392291049219,0.9976666666666667,0.9747729570828543,0.9674,0.9642426775056346,0.9585849545644702,10.723261166000157
21,0.9083948272705078,0.9162862657864889,0.9885333333333334,0.9325902244956671,0.9977333333333334,0.9764130579809596,0.9649333333333333,0.9628221879477686,0.9572751568081318,10.785689707990969
22,0.9051467249870301,0.9181597262382507,0.9878,0.9232039646670661,0.9976666666666667,0.9743750012489238,0.9613333333333334,0.957266271572023,0.9516150791626711,10.626289208012167
23,0.9012428953170777,0.9012272006352743,0.9892,0.9365334606590499,0.9978666666666667,0.976459266643607,0.9704,0.9665440192649728,0.9598455821892099,10.803121333010495
24,0.8979310371716818,0.9006144521077474,0.9890666666666666,0.9378589561502093,0.9975333333333334,0.9673640806537853,0.9692666666666667,0.9663914505149236,0.9572048291063061,10.64069629200094
25,0.8991312582015991,0.9064128886858622,0.9894666666666667,0.9392585041864682,0.9976666666666667,0.9744580127062766,0.9663333333333334,0.9645307484801804,0.9594157551243084,10.73555500000657
26,0.8929616353034974,0.9146083118120829,0.9886666666666667,0.9306028618886402,0.9984,0.9836907220410206,0.9618,0.9584786487189014,0.9575907442161874,10.771689250002964
27,0.8935754985491434,0.9045827580769856,0.9883333333333333,0.9220188207394572,0.9985333333333334,0.986248100081502,0.9672666666666667,0.9642460388742135,0.9575043198983909,11.312022333004279
28,0.8900058162053426,0.9014588691075643,0.9890666666666666,0.9364230736198712,0.9976,0.9769757300699591,0.9680666666666666,0.9652243827491894,0.9595410621463398,11.022324334000587
